usr,pwd,origin,ISP,country,outcome,time
Anand,anand_pwd,179.169.198.58,xfinity,USA,0,2015-01-09 00:15:04
Bilas,password,242.174.2.130,starhub,Singapore,0,2015-09-17 02:08:24
Anand,AN@nd_PWD,45.168.95.68,sfr,France,0,2015-09-17 05:06:56
Bilas,password,25.161.174.10,airtel,India,0,2015-10-12 13:47:52
John,J0hn#&@^,198.88.102.217,sfr,France,1,2015-11-07 03:35:32
Anand,An@nd_pWd,191.66.77.122,xfinity,USA,1,2015-11-21 00:52:54
steve,vanessa,142.157.144.238,free,France,0,2015-12-07 19:04:02
Bilas,p@ssword,10.234.244.204,at&t,USA,0,2015-12-12 11:33:08
John,JohnDoe,176.6.42.221,sfr,France,0,2015-12-19 06:49:44
Jack,sparr0W,168.194.94.102,free,France,0,2015-12-27 04:42:15
steve,pretty,37.14.12.177,airtel,India,0,2016-03-12 12:16:47
Anand,An@nd_pWd,115.72.192.99,sky,UK,1,2016-05-07 02:39:48
Anand,junior,104.129.92.80,sky,UK,0,2016-07-16 12:37:03
steve,C@p'ain,162.176.52.132,xfinity,USA,1,2016-07-26 08:42:46
Jack,YRUMg0n3,218.153.70.4,free,France,0,2016-10-08 17:50:38
Anand,An@nd_pWd,103.227.42.133,vodafone,UK,1,2016-12-05 07:56:58
John,J0hn#&@^,1.26.8.223,at&t,USA,1,2016-12-31 12:12:40
Anand,An@nd_pWd,112.241.80.242,at&t,USA,1,2017-01-09 09:31:35
steve,C@p'ain,86.25.56.256,singnet,Singapore,1,2017-01-17 00:38:17
Jack,Sp@rr0W,205.144.52.228,airtel,India,1,2017-02-21 22:20:23
John,J0hn78@#$,181.59.236.161,free,France,0,2017-02-26 15:40:35
Jack,YRUMg0n3,194.128.247.149,vodafone,UK,0,2017-04-05 10:24:54
Bilas,p@55W0rD,155.97.190.210,free,France,1,2017-04-18 10:23:59
John,W!ck306d,171.237.214.49,sfr,France,0,2017-04-22 01:47:28
Bilas,p@55W0rD,93.111.82.56,sky,UK,1,2017-05-04 23:33:21
John,J0hn#&@^,120.190.3.157,singnet,Singapore,1,2017-05-05 03:18:01
steve,C@p'ain,1.43.187.249,vodafone,UK,1,2017-05-31 13:46:32
Jack,Sparr0W,233.49.100.19,singnet,Singapore,0,2017-07-05 04:37:43
Jack,Sp@rr0W,187.10.251.235,singnet,Singapore,1,2017-07-15 12:30:28
steve,C@p'ain,249.49.60.232,starhub,Singapore,1,2017-07-24 19:54:04
Anand,An@nd_pWd,90.31.248.251,jio,India,1,2017-08-15 11:36:58
Jack,Sp@rr0W,146.1.206.152,xfinity,USA,1,2017-08-29 21:22:18
Jack,YRUMg0n3,255.159.215.97,airtel,India,0,2017-10-07 18:09:55
steve,carlos,87.33.208.43,singnet,Singapore,0,2017-11-01 08:30:57
John,J0hn#&@^,155.128.1.108,airtel,India,1,2017-11-01 10:51:17
John,J0hn#&@^,17.124.77.64,free,France,1,2017-11-14 11:37:07
Bilas,p@SSword,158.153.13.210,airtel,India,0,2017-11-19 18:03:20
steve,secret,26.14.169.180,jio,India,0,2017-12-18 13:04:48
Jack,Sp@rr0W,9.200.54.185,sfr,France,1,2018-01-19 06:43:42
Bilas,p@55W0rD,244.138.141.147,free,France,1,2018-03-25 03:14:55
John,J0hn#&@^,109.118.165.67,free,France,1,2018-04-02 16:43:09
Bilas,p@55W0rD,104.3.144.100,airtel,India,1,2018-04-30 06:29:56
John,john_wick,249.101.47.45,airtel,India,0,2018-05-16 09:07:49
Bilas,p@55W0rD,239.97.202.249,starhub,Singapore,1,2018-08-26 18:58:07
Jack,Sp@rr0W,216.65.149.147,sky,UK,1,2018-09-23 13:01:14
Anand,An@nd_pWd,152.243.251.149,airtel,India,1,2018-10-05 19:13:24
Anand,An@nd_pWd,108.175.149.46,at&t,USA,1,2018-10-13 17:29:11
steve,captain,85.191.11.142,free,France,0,2018-11-29 23:26:12
steve,C@p'ain,49.246.125.117,starhub,Singapore,1,2018-12-25 03:03:10
Anand,paramanand,169.40.255.245,vodafone,UK,0,2019-01-18 20:31:51
Jack,Sp@rr0W,50.211.246.102,sfr,France,1,2019-02-11 21:29:49
Bilas,p@55W0rD,98.44.248.68,airtel,India,1,2019-02-15 20:15:49
John,angel,237.177.226.16,sfr,France,0,2019-04-28 12:05:06
John,J0hn#&@^,229.114.124.41,at&t,USA,1,2019-06-07 14:33:08
steve,c@pTa!n,26.100.202.147,singnet,Singapore,0,2019-06-18 15:50:58
John,J0hn#&@^,165.103.16.142,free,France,1,2019-08-27 10:59:59
Jack,Sp@rr0W,154.126.71.8,jio,India,1,2019-09-12 06:42:21
John,J0hn#&@^,111.19.49.28,free,France,1,2019-10-07 05:46:14
John,J0hn#&@^,187.183.82.203,at&t,USA,1,2019-10-08 19:22:55
Jack,Sp@rr0W,247.84.241.124,sky,UK,1,2019-10-14 11:52:27
steve,captain,231.212.85.129,xfinity,USA,0,2019-11-03 21:23:08
Anand,An@nd_pWd,140.181.119.201,xfinity,USA,1,2019-11-29 07:03:51
Anand,An@nd_pWd,207.39.116.132,free,France,1,2020-01-25 21:07:45
Anand,An@nd_pWd,116.234.121.182,sfr,France,1,2020-02-09 13:28:09
Bilas,p@55W0rD,212.120.22.178,starhub,Singapore,1,2020-04-07 01:50:55
Anand,An@nd_pWd,64.27.112.153,starhub,Singapore,1,2020-04-21 05:44:35
Jack,Sp@rr0W,211.216.102.128,starhub,Singapore,1,2020-04-30 19:41:33
Jack,Sp@rr0W,146.27.18.206,free,France,1,2020-05-06 01:56:27
John,vanessa,4.209.111.143,xfinity,USA,0,2020-05-29 15:49:31
steve,Cap'ain,144.143.77.69,at&t,USA,0,2020-06-18 20:28:05
Jack,Sp@rr0W,142.219.20.218,starhub,Singapore,1,2020-06-25 20:59:19
John,johndoe,240.45.200.85,singnet,Singapore,0,2020-08-07 18:23:00
Jack,P!r@t3L!f3,17.44.189.164,sfr,France,0,2020-09-10 19:28:22
Bilas,p@55W0rD,140.21.235.197,starhub,Singapore,1,2020-10-14 21:49:19
Anand,sunshine,211.29.158.141,at&t,USA,0,2020-11-17 15:20:07
steve,C@p'ain,149.119.12.187,free,France,1,2021-01-17 18:48:45
Jack,Sp@rr0W,232.0.64.67,at&t,USA,1,2021-01-20 09:54:24
Anand,An@nd_pWd,117.163.180.48,free,France,1,2021-01-30 22:33:12
steve,Rogers,214.249.73.250,vodafone,UK,0,2021-02-23 14:33:03
Bilas,p@55W0rD,161.47.158.24,singnet,Singapore,1,2021-02-28 23:10:20
Anand,An@nd_pWd,190.70.55.14,at&t,USA,1,2021-03-06 20:06:27
John,J0hn#&@^,136.116.9.114,vodafone,UK,1,2021-04-04 19:13:53
steve,C@p'ain,78.221.117.18,jio,India,1,2021-04-07 12:58:37
Anand,An@nd_pWd,62.164.133.253,airtel,India,1,2021-04-12 13:09:54
Jack,987654321,106.6.36.156,airtel,India,0,2021-05-08 15:49:06
Jack,Sp@rr0W,230.98.255.15,singnet,Singapore,1,2021-06-05 22:47:40
Jack,Sp@rr0W,59.197.218.89,airtel,India,1,2021-06-28 17:00:50
steve,C@p'ain,126.69.7.54,singnet,Singapore,1,2021-07-27 02:03:50
steve,liverpool,25.205.190.240,sky,UK,0,2021-08-13 21:18:36
Bilas,p@55W0rD,184.181.134.27,vodafone,UK,1,2021-08-30 17:58:34
John,J0hn12345,45.239.246.179,at&t,USA,0,2021-09-14 10:59:33
Bilas,p@55W0rD,97.5.157.65,at&t,USA,1,2021-10-28 13:36:48
Bilas,p@55W0rD,100.95.64.185,free,France,1,2021-10-29 02:55:13
Bilas,p@55W0rD,222.213.41.116,jio,India,1,2021-11-11 12:43:59
steve,C@p'ain,49.256.202.29,jio,India,1,2021-12-08 23:33:27
Jack,Sp@rr0W,30.2.215.212,at&t,USA,1,2022-01-19 18:39:32
steve,C@p'ain,245.190.241.30,sky,UK,1,2022-02-28 23:43:51
steve,C@p'ain,243.206.29.228,sfr,France,1,2022-04-18 13:00:19
John,J0hn#&@^,160.216.104.106,sfr,France,1,2022-06-05 22:54:00
Jack,Sp@rr0W,89.193.57.95,starhub,Singapore,1,2022-06-27 08:58:56
